$,$,$
I Cammelloni ,5876,208
I Cammelloni ,5995,1051
I Cammelloni ,608,306
I Cammelloni ,2038,250
I Cammelloni ,6434,415
I Cammelloni ,6669,161
I Cammelloni ,6884,148
I Cammelloni ,4807,25
I Cammelloni ,5319,124
I Cammelloni ,1933,148
I Cammelloni ,218,22
I Cammelloni ,6629,112
I Cammelloni ,6202,1
I Cammelloni ,4657,22
I Cammelloni ,788,68
I Cammelloni ,2788,140
I Cammelloni ,6398,210
I Cammelloni ,6549,1
I Cammelloni ,4404,1
I Cammelloni ,7017,64
$,$,$
Zarro Team ,254,1
Zarro Team ,572,1
Zarro Team ,6226,156
Zarro Team ,4409,1
Zarro Team ,6435,141
Zarro Team ,6010,202
Zarro Team ,6664,140
Zarro Team ,6646,188
Zarro Team ,4364,123
Zarro Team ,6206,126
Zarro Team ,4510,492
Zarro Team ,4360,196
Zarro Team ,6217,136
Zarro Team ,6672,82
Zarro Team ,2137,1
Zarro Team ,5899,64
Zarro Team ,6895,171
Zarro Team ,6967,152
Zarro Team ,6956,136
Zarro Team ,5872,128
Zarro Team ,795,1
Zarro Team ,2134,22
$,$,$
Atletico Abusivo ,309,1
Atletico Abusivo ,2848,180
Atletico Abusivo ,2529,220
Atletico Abusivo ,2423,538
Atletico Abusivo ,5791,113
Atletico Abusivo ,4665,40
Atletico Abusivo ,2839,1
Atletico Abusivo ,5620,176
Atletico Abusivo ,4867,48
Atletico Abusivo ,4970,64
Atletico Abusivo ,2816,310
Atletico Abusivo ,4463,36
Atletico Abusivo ,4973,46
Atletico Abusivo ,6889,1
Atletico Abusivo ,6893,1
Atletico Abusivo ,5701,1
Atletico Abusivo ,4431,319
$,$,$
Bomberoni ,5119,396
Bomberoni ,4976,195
Bomberoni ,2531,370
Bomberoni ,4772,175
Bomberoni ,5833,126
Bomberoni ,4947,242
Bomberoni ,6898,1
Bomberoni ,4686,116
Bomberoni ,6047,15
Bomberoni ,5685,562
Bomberoni ,2097,290
Bomberoni ,6556,1
Bomberoni ,6641,82
Bomberoni ,4896,126
Bomberoni ,4378,22
Bomberoni ,5514,22
Bomberoni ,6164,56
Bomberoni ,2814,162
Bomberoni ,6482,187
Bomberoni ,5885,132
Bomberoni ,5687,43
Bomberoni ,6643,1
Bomberoni ,6190,35
Bomberoni ,6495,152
Bomberoni ,6409,1
$,$,$
Spal Letti ,2194,1
Spal Letti ,5010,1
Spal Letti ,133,1
Spal Letti ,2724,136
Spal Letti ,2764,119
Spal Letti ,4284,9
Spal Letti ,4210,26
Spal Letti ,6831,306
Spal Letti ,6666,148
Spal Letti ,4734,62
Spal Letti ,2521,172
Spal Letti ,460,37
Spal Letti ,1870,314
Spal Letti ,5589,137
Spal Letti ,4751,3
Spal Letti ,5862,119
Spal Letti ,6675,431
Spal Letti ,4179,10
Spal Letti ,2765,1
Spal Letti ,4385,1
Spal Letti ,6815,1
Spal Letti ,5888,30
Spal Letti ,6537,43
$,$,$
Red Dragon ,632,1
Red Dragon ,252,1
Red Dragon ,2170,282
Red Dragon ,6642,19
Red Dragon ,5840,100
Red Dragon ,6042,16
Red Dragon ,4317,111
Red Dragon ,6632,111
Red Dragon ,5513,136
Red Dragon ,4433,192
Red Dragon ,554,127
Red Dragon ,5792,98
Red Dragon ,4465,1
Red Dragon ,6875,234
Red Dragon ,4730,284
Red Dragon ,5734,265
Red Dragon ,2841,64
Red Dragon ,7008,970
$,$,$
Real Madrink ,4401,1
Real Madrink ,530,1
Real Madrink ,4871,585
Real Madrink ,4199,58
Real Madrink ,2167,460
Real Madrink ,4459,68
Real Madrink ,4461,22
Real Madrink ,5850,1
Real Madrink ,6572,172
Real Madrink ,5603,1
Real Madrink ,5562,227
Real Madrink ,4186,68
Real Madrink ,4887,210
Real Madrink ,6628,24
Real Madrink ,2525,45
Real Madrink ,5526,1
Real Madrink ,5841,117
Real Madrink ,4957,56
Real Madrink ,536,114
Real Madrink ,2120,93
Real Madrink ,2160,111
Real Madrink ,6046,156
Real Madrink ,4423,1
Real Madrink ,6252,308
Real Madrink ,5998,100
Real Madrink ,5718,1
Real Madrink ,6191,1
Real Madrink ,6985,82
Real Madrink ,6966,112
$,$,$
Bayern Muten ,531,1
Bayern Muten ,2188,1
Bayern Muten ,4994,52
Bayern Muten ,6766,1
Bayern Muten ,6663,19
Bayern Muten ,5678,14
Bayern Muten ,4220,189
Bayern Muten ,5800,403
Bayern Muten ,6215,154
Bayern Muten ,188,1
Bayern Muten ,4923,1
Bayern Muten ,2296,111
Bayern Muten ,2077,47
Bayern Muten ,5131,2
Bayern Muten ,6842,1
Bayern Muten ,5527,15
Bayern Muten ,4312,350
Bayern Muten ,5022,67
$,$,$
